{
	"d": [
		{
			"url": "img/yy.png",
			"px":  -92.672,
			"pz":  107.896,
			"ix":  -90,
			"iy":  21.3,
			"iz":  60,
			"iry": 0.3,
			"iw":  45.8,
			"ih":  32.25,
			"cx":  -92.683,
			"cz":  109.397,
			"crx": 0.304,
			"cry": -0.055
		},
		{"url":"img/p2.jpg","px":-67.089,"pz":62.739,"ix":-26.2,"iy":22.9,"iz":93.8,"iry":-1.88,"iw":20,"ih":26.9,"cx":-68.405,"cz":61.674,"crx":0.256,"cry":-2.30482},
		{"url":"img/p3.jpg","px":63.448,"pz":12.6,"ix":136.59,"iy":31.5,"iz":20.574,"iry":-1.54,"iw":70.532,"ih":49.665,"cx":61.769,"cz":12.498,"crx":0.28,"cry":-1.60882},
		{"url":"img/p4.png","px":-32.881,"pz":-137.368,"ix":62.9,"iy":19.7,"iz":-154.74,"iry":-1.54,"iw":70.532,"ih":49.665,"cx":-34.378,"cz":-137.144,"crx":0.256,"cry":-1.47282}
	]
}

