{
	"d": [
		{
			"url": "img/yy.png",
			"px":  -92.67262095952854,
			"pz":  107.89679103144006,
			"ix":  -90,
			"iy":  21.3,
			"iz":  60,
			"iry": 0.3,
			"iw":  45.8,
			"ih":  32.25,
			"cx":  -92.68312432289818,
			"cz":  109.39718811455441,
			"crx": 0.30400000000000016,
			"cry": -0.055999999999999855
		},
		{"url":"img/p2.jpg","px":-67.089,"pz":62.739,"ix":-26.2,"iy":22.9,"iz":93.8,"iry":-1.88,"iw":20,"ih":26.9,"cx":-68.405,"cz":61.674,"crx":0.256,"cry":-8.588}
	]
}


